{"series.food_insecurity.label":"Moderate-to-severe food insecurity","series.food_insecurity.unit":"pct","series.food_insecurity.rounds":[1,2,3,4,5,6,7,8],"series.food_insecurity.overall":[41.0,31.0,26.8,21.5,19.0,22.8,20.5,20.8],"series.food_insecurity.by_quintile.Q1 (poorest)":[55.9,44.6,33.4,31.9,28.0,28.5,24.1,25.5],"series.food_insecurity.by_quintile.Q2":[44.3,30.6,27.2,23.3,18.0,20.8,22.6,20.8],"series.food_insecurity.by_quintile.Q3":[39.8,31.2,25.1,21.3,17.4,21.9,19.2,22.2],"series.food_insecurity.by_quintile.Q4":[33.7,25.2,26.4,19.4,15.7,20.5,18.1,18.4],"series.food_insecurity.by_quintile.Q5 (richest)":[28.5,21.8,20.8,9.8,15.3,22.1,18.0,16.9],"series.food_insecurity.by_region.NCR":[31.0,22.1,23.0,15.0,11.2,15.8,15.8,16.7],"series.food_insecurity.by_region.Luzon":[31.0,23.7,21.2,19.6,16.3,20.8,17.3,18.3],"series.food_insecurity.by_region.Visayas":[53.6,41.6,34.9,21.6,21.7,28.2,24.2,23.5],"series.food_insecurity.by_region.Mindanao":[56.2,41.7,33.5,28.9,26.7,26.3,26.3,25.9],"series.food_insecurity.by_urbrur.Urban":[38.6,30.1,25.6,20.2,14.9,20.4,17.5,18.7],"series.food_insecurity.by_urbrur.Rural":[44.0,32.1,28.3,23.1,24.0,25.7,24.1,23.3],"food.r1":40.99447519684861,"food.r5":18.99513365629457,"food.r8":20.80290584511001,"food.drop":20.1915693517386,"food.peak":40.99447519684861,"food.q1_r8":25.48108464182623,"food.q5_r8":16.90984671156816,"series.any_shock.label":"Households reporting any shock","series.any_shock.unit":"pct","series.any_shock.rounds":[1,2,3,4,5,6,7,8],"series.any_shock.overall":[34.9,22.6,16.7,14.3,12.8,22.5,20.7,17.1],"series.any_shock.by_quintile.Q1 (poorest)":[45.0,26.0,15.6,16.6,15.8,29.8,29.5,16.8],"series.any_shock.by_quintile.Q2":[35.2,20.6,15.6,14.0,13.0,24.3,20.3,17.7],"series.any_shock.by_quintile.Q3":[33.3,29.2,15.8,15.4,12.9,20.3,16.8,21.4],"series.any_shock.by_quintile.Q4":[30.9,21.2,17.7,14.1,10.2,21.3,21.0,17.2],"series.any_shock.by_quintile.Q5 (richest)":[28.9,14.9,19.2,10.8,11.8,16.4,15.5,12.1],"series.any_shock.by_region.NCR":[34.3,24.5,22.8,11.3,15.9,15.0,12.9,15.3],"series.any_shock.by_region.Luzon":[30.8,23.0,18.6,14.5,15.7,20.3,17.3,14.1],"series.any_shock.by_region.Visayas":[43.3,29.6,14.8,19.2,14.8,27.7,26.9,17.7],"series.any_shock.by_region.Mindanao":[36.6,15.0,11.0,11.5,3.7,27.1,26.9,23.8],"series.any_shock.by_urbrur.Urban":[32.9,19.4,14.2,13.3,11.4,20.2,18.3,16.4],"series.any_shock.by_urbrur.Rural":[37.4,26.6,19.7,15.4,14.5,25.4,23.6,18.0],"shock.r1":34.9101475147254,"shock.r5":12.81637884924599,"shock.r8":17.14417283250044,"shock.drop":17.76597468222496,"shock.peak":34.9101475147254,"shock.q1_r8":16.84557215567046,"shock.q5_r8":12.14930040812408,"series.mobile_money.label":"Has a mobile-money account","series.mobile_money.unit":"pct","series.mobile_money.rounds":[1,2,3,4,5,6,7,8],"series.mobile_money.overall":[null,null,null,null,49.2,53.6,54.3,54.6],"series.mobile_money.by_quintile.Q1 (poorest)":[null,null,null,null,40.8,46.3,44.1,46.5],"series.mobile_money.by_quintile.Q2":[null,null,null,null,48.5,49.4,50.0,52.1],"series.mobile_money.by_quintile.Q3":[null,null,null,null,48.6,56.2,56.0,58.6],"series.mobile_money.by_quintile.Q4":[null,null,null,null,52.9,57.1,59.2,52.7],"series.mobile_money.by_quintile.Q5 (richest)":[null,null,null,null,56.9,60.1,62.7,63.3],"series.mobile_money.by_region.NCR":[null,null,null,null,65.0,60.1,58.3,62.4],"series.mobile_money.by_region.Luzon":[null,null,null,null,47.9,51.9,52.4,51.6],"series.mobile_money.by_region.Visayas":[null,null,null,null,45.6,50.4,57.4,53.6],"series.mobile_money.by_region.Mindanao":[null,null,null,null,45.9,56.0,53.0,56.8],"series.mobile_money.by_urbrur.Urban":[null,null,null,null,56.4,59.3,60.2,59.8],"series.mobile_money.by_urbrur.Rural":[null,null,null,null,40.4,46.7,47.0,48.2],"mm.r1":49.24271812188891,"mm.r5":49.24271812188891,"mm.r8":54.58121019672417,"mm.drop":-5.338492074835258,"mm.peak":54.58121019672417,"mm.q1_r8":46.50200560808491,"mm.q5_r8":63.31631678675642,"series.bank_account.label":"Has a formal bank account","series.bank_account.unit":"pct","series.bank_account.rounds":[1,2,3,4,5,6,7,8],"series.bank_account.overall":[null,null,null,null,11.9,14.6,16.1,16.7],"series.bank_account.by_quintile.Q1 (poorest)":[null,null,null,null,5.6,9.7,12.3,12.1],"series.bank_account.by_quintile.Q2":[null,null,null,null,7.3,12.7,12.2,14.2],"series.bank_account.by_quintile.Q3":[null,null,null,null,11.7,11.5,14.6,14.4],"series.bank_account.by_quintile.Q4":[null,null,null,null,12.7,12.3,11.9,16.1],"series.bank_account.by_quintile.Q5 (richest)":[null,null,null,null,24.2,28.4,30.3,27.4],"series.bank_account.by_region.NCR":[null,null,null,null,21.3,13.4,19.2,17.4],"series.bank_account.by_region.Luzon":[null,null,null,null,12.0,11.9,12.5,14.2],"series.bank_account.by_region.Visayas":[null,null,null,null,7.6,16.8,16.0,16.6],"series.bank_account.by_region.Mindanao":[null,null,null,null,9.8,18.8,21.3,21.1],"series.bank_account.by_urbrur.Urban":[null,null,null,null,13.3,16.0,19.2,17.2],"series.bank_account.by_urbrur.Rural":[null,null,null,null,10.2,12.7,12.3,16.1],"bank.r1":11.8966364373608,"bank.r5":11.8966364373608,"bank.r8":16.67523304421474,"bank.drop":-4.77859660685394,"bank.peak":16.67523304421474,"bank.q1_r8":12.05113200734252,"bank.q5_r8":27.3861242531213,"series.no_contract.label":"Workers with no written contract","series.no_contract.unit":"pct","series.no_contract.rounds":[1,2,3,4,5,6,7,8],"series.no_contract.overall":[81.5,78.8,82.8,74.4,79.9,79.5,82.2,77.3],"series.no_contract.by_quintile.Q1 (poorest)":[90.4,86.5,92.0,83.0,null,81.3,null,84.6],"series.no_contract.by_quintile.Q2":[82.9,80.4,82.6,null,null,null,88.2,92.7],"series.no_contract.by_quintile.Q3":[77.7,84.7,80.4,null,null,84.0,83.4,65.6],"series.no_contract.by_quintile.Q4":[75.3,73.6,73.1,77.2,null,76.6,78.5,75.6],"series.no_contract.by_quintile.Q5 (richest)":[81.6,65.1,83.5,null,null,72.3,null,null],"series.no_contract.by_region.NCR":[72.3,62.7,61.7,75.3,77.1,53.2,76.0,72.4],"series.no_contract.by_region.Luzon":[78.2,83.7,82.5,79.9,80.0,85.8,84.6,75.1],"series.no_contract.by_region.Visayas":[93.4,78.6,null,68.9,null,76.3,null,null],"series.no_contract.by_region.Mindanao":[84.1,78.2,93.3,null,null,83.6,79.2,86.6],"series.no_contract.by_urbrur.Urban":[78.4,76.1,81.8,70.3,78.0,69.7,76.7,77.0],"series.no_contract.by_urbrur.Rural":[85.6,82.2,83.9,78.9,83.1,91.8,89.3,77.7],"work.r1":81.508240309315,"work.r5":79.89948827940687,"work.r8":77.25885807384398,"work.drop":4.249382235471018,"work.peak":82.84211738311824,"work.q1_r8":84.61493489587208,"work.q5_r8":72.31401158954777,"series.me_concern.label":"Concerned about the Middle East crisis","series.me_concern.unit":"pct","series.me_concern.rounds":[1,2,3,4,5,6,7,8],"series.me_concern.overall":[null,null,null,null,null,93.6,91.8,91.2],"series.me_concern.by_quintile.Q1 (poorest)":[null,null,null,null,null,95.4,91.7,92.3],"series.me_concern.by_quintile.Q2":[null,null,null,null,null,92.0,92.7,89.9],"series.me_concern.by_quintile.Q3":[null,null,null,null,null,92.2,92.6,93.9],"series.me_concern.by_quintile.Q4":[null,null,null,null,null,95.0,91.7,91.9],"series.me_concern.by_quintile.Q5 (richest)":[null,null,null,null,null,93.5,89.9,87.9],"series.me_concern.by_region.NCR":[null,null,null,null,null,90.1,89.6,90.2],"series.me_concern.by_region.Luzon":[null,null,null,null,null,92.3,93.0,90.5],"series.me_concern.by_region.Visayas":[null,null,null,null,null,97.6,90.4,90.2],"series.me_concern.by_region.Mindanao":[null,null,null,null,null,94.9,91.6,94.1],"series.me_concern.by_urbrur.Urban":[null,null,null,null,null,93.3,91.0,90.3],"series.me_concern.by_urbrur.Rural":[null,null,null,null,null,93.9,92.7,92.3],"mec.r1":93.58873907975391,"mec.r5":93.58873907975391,"mec.r8":91.22731587831116,"mec.drop":2.361423201442747,"mec.peak":93.58873907975391,"mec.q1_r8":92.25977487133163,"mec.q5_r8":87.88323618468674,"series.me_impact.label":"Reporting a moderate-to-severe impact","series.me_impact.unit":"pct","series.me_impact.rounds":[1,2,3,4,5,6,7,8],